WKT,kode,provinsi,ibukota,latitude,longitude,pulau
"POINT (117.28489872986479 -8.650965204888083)",52.0,Nusa Tenggara Barat,Mataram,-8.650965204888083,117.28489872986479,Indonesia Timur
"POINT (120.92493087400301 -8.671896350451782)",53.0,Nusa Tenggara Timur,Kupang,-8.671896350451782,120.92493087400301,Indonesia Timur
"POINT (130.22318881732988 -3.2310000381074344)",81.0,Maluku,Ambon,-3.2310000381074344,130.22318881732988,Indonesia Timur
"POINT (127.614458882927 1.542839512501208)",82.0,Maluku Utara,Sofifi,1.542839512501208,127.614458882927,Indonesia Timur
"POINT (138.33087879140538 -2.408652139136243)",91.0,Papua,Jayapura,-2.408652139136243,138.33087879140538,Indonesia Timur
"POINT (133.18825975536765 -1.3345441349291898)",92.0,Papua Barat,Manokwari,-1.3345441349291898,133.18825975536765,Indonesia Timur
"POINT (139.8217649267931 -6.7817072007460695)",93.0,Papua Selatan,Merauke,-6.7817072007460695,139.8217649267931,Indonesia Timur
"POINT (137.0367307669917 -4.179141313403304)",94.0,Papua Tengah,Nabire,-4.179141313403304,137.0367307669917,Indonesia Timur
"POINT (139.67894264201254 -4.179141313403304)",95.0,Papua Pegunungan,Wamena,-4.179141313403304,139.67894264201254,Indonesia Timur
"POINT (131.77977275090007 -1.0461970821991955)",96.0,Papua Barat Daya,Sorong,-1.0461970821991955,131.77977275090007,Indonesia Timur
