WKT,Layer,Provinsi,Nama,Jenis,Alamat,Latitude,Longitude
"POINT (112.7451 -7.0305)",Jawa Timur,Jawa Timur,Kabupaten Bangkalan,Kabupaten,Kabupaten Bangkalan, Jawa Timur, Indonesia,-7.0305,112.7451
"POINT (114.3691 -8.2192)",Jawa Timur,Jawa Timur,Kabupaten Banyuwangi,Kabupaten,Kabupaten Banyuwangi, Jawa Timur, Indonesia,-8.2192,114.3691
"POINT (112.2200091 -8.1308657)",Jawa Timur,Jawa Timur,Kabupaten Blitar,Kabupaten,Kabupaten Blitar, Jawa Timur, Indonesia,-8.1308657,112.2200091
"POINT (111.88 -7.15)",Jawa Timur,Jawa Timur,Kabupaten Bojonegoro,Kabupaten,Kabupaten Bojonegoro, Jawa Timur, Indonesia,-7.15,111.88
"POINT (113.9834 -7.9404)",Jawa Timur,Jawa Timur,Kabupaten Bondowoso,Kabupaten,Kabupaten Bondowoso, Jawa Timur, Indonesia,-7.9404,113.9834
"POINT (112.655 -7.159)",Jawa Timur,Jawa Timur,Kabupaten Gresik,Kabupaten,Kabupaten Gresik, Jawa Timur, Indonesia,-7.159,112.655
"POINT (113.7 -8.172)",Jawa Timur,Jawa Timur,Kabupaten Jember,Kabupaten,Kabupaten Jember, Jawa Timur, Indonesia,-8.172,113.7
"POINT (112.23307 -7.54595)",Jawa Timur,Jawa Timur,Kabupaten Jombang,Kabupaten,Kabupaten Jombang, Jawa Timur, Indonesia,-7.54595,112.23307
"POINT (112.017 -7.833)",Jawa Timur,Jawa Timur,Kabupaten Kediri,Kabupaten,Kabupaten Kediri, Jawa Timur, Indonesia,-7.833,112.017
"POINT (112.416 -7.116)",Jawa Timur,Jawa Timur,Kabupaten Lamongan,Kabupaten,Kabupaten Lamongan, Jawa Timur, Indonesia,-7.116,112.416
"POINT (113.224 -8.141)",Jawa Timur,Jawa Timur,Kabupaten Lumajang,Kabupaten,Kabupaten Lumajang, Jawa Timur, Indonesia,-8.141,113.224
"POINT (111.655 -7.5439)",Jawa Timur,Jawa Timur,Kabupaten Madiun,Kabupaten,Kabupaten Madiun, Jawa Timur, Indonesia,-7.5439,111.655
"POINT (111.35 -7.65)",Jawa Timur,Jawa Timur,Kabupaten Magetan,Kabupaten,Kabupaten Magetan, Jawa Timur, Indonesia,-7.65,111.35
"POINT (112.57 -8.13)",Jawa Timur,Jawa Timur,Kabupaten Malang,Kabupaten,Kabupaten Malang, Jawa Timur, Indonesia,-8.13,112.57
"POINT (112.55 -7.516)",Jawa Timur,Jawa Timur,Kabupaten Mojokerto,Kabupaten,Kabupaten Mojokerto, Jawa Timur, Indonesia,-7.516,112.55
"POINT (111.904 -7.605)",Jawa Timur,Jawa Timur,Kabupaten Nganjuk,Kabupaten,Kabupaten Nganjuk, Jawa Timur, Indonesia,-7.605,111.904
"POINT (111.446 -7.403)",Jawa Timur,Jawa Timur,Kabupaten Ngawi,Kabupaten,Kabupaten Ngawi, Jawa Timur, Indonesia,-7.403,111.446
"POINT (111.104 -8.194)",Jawa Timur,Jawa Timur,Kabupaten Pacitan,Kabupaten,Kabupaten Pacitan, Jawa Timur, Indonesia,-8.194,111.104
"POINT (113.4746 -7.1568)",Jawa Timur,Jawa Timur,Kabupaten Pamekasan,Kabupaten,Kabupaten Pamekasan, Jawa Timur, Indonesia,-7.1568,113.4746
"POINT (112.9075 -7.6453)",Jawa Timur,Jawa Timur,Kabupaten Pasuruan,Kabupaten,Kabupaten Pasuruan, Jawa Timur, Indonesia,-7.6453,112.9075
"POINT (111.462 -7.868)",Jawa Timur,Jawa Timur,Kabupaten Ponorogo,Kabupaten,Kabupaten Ponorogo, Jawa Timur, Indonesia,-7.868,111.462
"POINT (113.221 -7.871)",Jawa Timur,Jawa Timur,Kabupaten Probolinggo,Kabupaten,Kabupaten Probolinggo, Jawa Timur, Indonesia,-7.871,113.221
"POINT (113.2394 -7.1872)",Jawa Timur,Jawa Timur,Kabupaten Sampang,Kabupaten,Kabupaten Sampang, Jawa Timur, Indonesia,-7.1872,113.2394
"POINT (112.7183 -7.4478)",Jawa Timur,Jawa Timur,Kabupaten Sidoarjo,Kabupaten,Kabupaten Sidoarjo, Jawa Timur, Indonesia,-7.4478,112.7183
"POINT (114.0098 -7.7062)",Jawa Timur,Jawa Timur,Kabupaten Situbondo,Kabupaten,Kabupaten Situbondo, Jawa Timur, Indonesia,-7.7062,114.0098
"POINT (113.858 -7.0097)",Jawa Timur,Jawa Timur,Kabupaten Sumenep,Kabupaten,Kabupaten Sumenep, Jawa Timur, Indonesia,-7.0097,113.858
"POINT (111.706 -8.05)",Jawa Timur,Jawa Timur,Kabupaten Trenggalek,Kabupaten,Kabupaten Trenggalek, Jawa Timur, Indonesia,-8.05,111.706
"POINT (112.064 -6.8976)",Jawa Timur,Jawa Timur,Kabupaten Tuban,Kabupaten,Kabupaten Tuban, Jawa Timur, Indonesia,-6.8976,112.064
"POINT (111.902 -8.065)",Jawa Timur,Jawa Timur,Kabupaten Tulungagung,Kabupaten,Kabupaten Tulungagung, Jawa Timur, Indonesia,-8.065,111.902
"POINT (112.526 -7.87)",Jawa Timur,Jawa Timur,Kota Batu,Kota,Kota Batu, Jawa Timur, Indonesia,-7.87,112.526
"POINT (112.1609 -8.0954)",Jawa Timur,Jawa Timur,Kota Blitar,Kota,Kota Blitar, Jawa Timur, Indonesia,-8.0954,112.1609
"POINT (112.0178 -7.848)",Jawa Timur,Jawa Timur,Kota Kediri,Kota,Kota Kediri, Jawa Timur, Indonesia,-7.848,112.0178
"POINT (111.53 -7.6298)",Jawa Timur,Jawa Timur,Kota Madiun,Kota,Kota Madiun, Jawa Timur, Indonesia,-7.6298,111.53
"POINT (112.6326 -7.9666)",Jawa Timur,Jawa Timur,Kota Malang,Kota,Kota Malang, Jawa Timur, Indonesia,-7.9666,112.6326
"POINT (112.4339 -7.4722)",Jawa Timur,Jawa Timur,Kota Mojokerto,Kota,Kota Mojokerto, Jawa Timur, Indonesia,-7.4722,112.4339
"POINT (112.9075 -7.6453)",Jawa Timur,Jawa Timur,Kota Pasuruan,Kota,Kota Pasuruan, Jawa Timur, Indonesia,-7.6453,112.9075
"POINT (113.2159 -7.7543)",Jawa Timur,Jawa Timur,Kota Probolinggo,Kota,Kota Probolinggo, Jawa Timur, Indonesia,-7.7543,113.2159
"POINT (112.7521 -7.2575)",Jawa Timur,Jawa Timur,Kota Surabaya,Kota,Kota Surabaya, Jawa Timur, Indonesia,-7.2575,112.7521
